{
  "params": 103505,
  "model_size_mb": 0.3948402404785156,
  "flops": 23732672.0,
  "device": "cuda",
  "early_exit_disabled": {
    "latency_ms_bs1": 5.24308199994266,
    "throughput_flows_per_sec": {
      "bs32": 2960.076614335601,
      "bs128": 3312.1085824863826,
      "bs256": 3353.4541455654244
    }
  },
  "early_exit_enabled": {
    "latency_ms_bs1": 5.741027900017798,
    "throughput_flows_per_sec": {
      "bs32": 2810.7040042535273,
      "bs128": 3258.665178961352,
      "bs256": 3323.1643638094456
    }
  },
  "memory_rss_mb": 939.6171875
}