{
  "accuracy": 0.7355699855699855,
  "balanced_accuracy": 0.76081740700149,
  "mcc": 0.6654334604038672,
  "precision_macro": 0.6832672012636959,
  "recall_macro": 0.76081740700149,
  "f1_macro": 0.6497686180585761,
  "precision_weighted": 0.809721668242742,
  "recall_weighted": 0.7355699855699855,
  "f1_weighted": 0.7579276289369649,
  "roc_auc_ovr_macro": 0.9387974502124585
}