variant,avg_latency_ms,throughput_flows_per_sec
early_exit_disabled,11.5364840000002,86.6815227239064
early_exit_enabled,14.796548899999834,67.58332681210625
