,precision,recall,f1-score,support
Non-VPN,0.665572528721121,0.8401593625498008,0.7427444350521274,6275.0
VPN,0.8074486465732387,0.613566739606127,0.6972811671087533,6855.0
accuracy,0.7218583396801218,0.7218583396801218,0.7218583396801218,0.7218583396801218
macro avg,0.7365105876471798,0.7268630510779639,0.7200128010804403,13130.0
weighted avg,0.7396441805014917,0.7218583396801218,0.719008661879863,13130.0
