{
  "accuracy": 0.8281797410510282,
  "balanced_accuracy": 0.8299068060362489,
  "mcc": 0.6599638639169886,
  "precision_macro": 0.8300570749883109,
  "recall_macro": 0.8299068060362489,
  "f1_macro": 0.8281787204700883,
  "precision_weighted": 0.8317478415777895,
  "recall_weighted": 0.8281797410510282,
  "f1_weighted": 0.8281602224405527,
  "roc_auc": 0.9247221878350929
}