{
  "accuracy": 0.7218583396801218,
  "balanced_accuracy": 0.7268630510779639,
  "mcc": 0.4632731959692096,
  "precision_macro": 0.7365105876471798,
  "recall_macro": 0.7268630510779639,
  "f1_macro": 0.7200128010804403,
  "precision_weighted": 0.7396441805014917,
  "recall_weighted": 0.7218583396801218,
  "f1_weighted": 0.719008661879863,
  "roc_auc": 0.834412116668265
}