variant,avg_latency_ms,throughput_flows_per_sec
early_exit_disabled,5.690820900024846,175.72157296245854
early_exit_enabled,6.631510800099932,150.79520039158058
