{
  "accuracy": 0.9314723651823674,
  "balanced_accuracy": 0.938789980683312,
  "mcc": 0.8402555755985586,
  "precision_macro": 0.9022593173304634,
  "recall_macro": 0.938789980683312,
  "f1_macro": 0.9175986078691178,
  "precision_weighted": 0.9384745766522132,
  "recall_weighted": 0.9314723651823674,
  "f1_weighted": 0.9329571503890343,
  "roc_auc": 0.9879267703278664
}