{
  "params": 58938,
  "model_size_mb": 0.22483062744140625,
  "flops": 2230144.0,
  "device": "cuda",
  "early_exit_disabled": {
    "latency_ms_bs1": 5.196725600049831,
    "throughput_flows_per_sec": {
      "bs32": 5821.602803363177,
      "bs128": 26361.032463744552,
      "bs256": 29532.78669663361
    }
  },
  "early_exit_enabled": {
    "latency_ms_bs1": 5.978997100028209,
    "throughput_flows_per_sec": {
      "bs32": 5096.848077583542,
      "bs128": 21362.8603645245,
      "bs256": 26922.3589654758
    }
  },
  "memory_rss_mb": 935.7265625
}