variant,avg_latency_ms,throughput_flows_per_sec
early_exit_disabled,5.102012199931778,196.00109933358678
early_exit_enabled,6.607393499929458,151.34561003679838
