{
  "accuracy": 0.8790624384479023,
  "balanced_accuracy": 0.881298598294883,
  "mcc": 0.8567653342638972,
  "precision_macro": 0.8086756503297511,
  "recall_macro": 0.881298598294883,
  "f1_macro": 0.8271125938966054,
  "precision_weighted": 0.9050783067164102,
  "recall_weighted": 0.8790624384479023,
  "f1_weighted": 0.8816244243329884,
  "roc_auc_ovr_macro": 0.9895018291065119
}