{
  "params": 59468,
  "model_size_mb": 0.2268524169921875,
  "flops": 2231296.0,
  "device": "cuda",
  "early_exit_disabled": {
    "latency_ms_bs1": 5.247772500035353,
    "throughput_flows_per_sec": {
      "bs32": 5913.970942266944,
      "bs128": 25265.47001756436,
      "bs256": 29619.252609503317
    }
  },
  "early_exit_enabled": {
    "latency_ms_bs1": 5.844326099962927,
    "throughput_flows_per_sec": {
      "bs32": 5186.26301579669,
      "bs128": 22035.87750471059,
      "bs256": 26925.071627340796
    }
  },
  "memory_rss_mb": 952.48828125
}