{
  "accuracy": 0.6550647372429551,
  "balanced_accuracy": 0.674420958728425,
  "mcc": 0.620554917317412,
  "precision_macro": 0.6418210292366103,
  "recall_macro": 0.674420958728425,
  "f1_macro": 0.6381314596321717,
  "precision_weighted": 0.6807704293138498,
  "recall_weighted": 0.6550647372429551,
  "f1_weighted": 0.651970370008836,
  "roc_auc_ovr_macro": 0.9639572930590156
}