variant,avg_latency_ms,throughput_flows_per_sec
early_exit_disabled,11.455548699999781,87.29394166863601
early_exit_enabled,4.451312500000313,224.6528411563847
