{
  "accuracy": 0.9843895817425978,
  "balanced_accuracy": 0.9861258021717437,
  "mcc": 0.9474750465566485,
  "precision_macro": 0.9616649434349356,
  "recall_macro": 0.9861258021717437,
  "f1_macro": 0.9733505813580197,
  "precision_weighted": 0.9852341505929377,
  "recall_weighted": 0.9843895817425978,
  "f1_weighted": 0.9845909734345155,
  "roc_auc": 0.999049760895612
}