{
  "accuracy": 0.994213964537202,
  "balanced_accuracy": 0.9960758450385592,
  "mcc": 0.9801378220175315,
  "precision_macro": 0.9841347143573373,
  "recall_macro": 0.9960758450385592,
  "f1_macro": 0.9899823257854765,
  "precision_weighted": 0.9943832566686948,
  "recall_weighted": 0.994213964537202,
  "f1_weighted": 0.9942492060984437,
  "roc_auc": 0.999901780285118
}