,precision,recall,f1-score,support
TOR,0.9257005899705014,0.9887751083103584,0.9561988192725195,10156.0
nonTOR,0.9976292968993699,0.983476496033129,0.99050234344352,48779.0
accuracy,0.9843895817425978,0.9843895817425978,0.9843895817425978,0.9843895817425978
macro avg,0.9616649434349356,0.9861258021717437,0.9733505813580197,58935.0
weighted avg,0.9852341505929377,0.9843895817425978,0.9845909734345155,58935.0
