variant,avg_latency_ms,throughput_flows_per_sec
early_exit_disabled,5.538846999988891,180.54299026530353
early_exit_enabled,6.50021279999055,153.84111732487494
