{
  "params": 67235,
  "model_size_mb": 0.2564811706542969,
  "flops": 6014528.0,
  "device": "cuda",
  "early_exit_disabled": {
    "latency_ms_bs1": 5.086172299925238,
    "throughput_flows_per_sec": {
      "bs32": 6133.8803734098,
      "bs128": 11951.917065174252,
      "bs256": 12286.949219882876
    }
  },
  "early_exit_enabled": {
    "latency_ms_bs1": 5.772190399933606,
    "throughput_flows_per_sec": {
      "bs32": 4498.111917611599,
      "bs128": 11013.435702913217,
      "bs256": 11893.588436259652
    }
  },
  "memory_rss_mb": 942.578125
}